{
    "lamda_0": 483.8349011975943,
    "lamda_1": 0.09252546251221355,
    "error_0": 0.0871571863155779,
    "error_1": 5.227787666856891e-05
}